s,T,H2,H,O,O2,OH,H2O,HO2,H2O2,C,CH,CH2,CH2(S),CH3,CH4,CO,CO2,HCO,CH2O,CH2OH,CH3O,CH3OH,C2H,C2H2,C2H3,C2H4,C2H5,C2H6,HCCO,CH2CO,HCCOH,N,NH,NH2,NH3,NNH,NO,NO2,N2O,HNO,CN,HCN,H2CN,HCNN,HCNO,HOCN,HNCO,NCO,N2,AR,C3H7,C3H8,CH2CHO,CH3CHO
0,300,0,0,0,0.230693069,0,0,0,0,0,0,0,0,0,0,0,0,0,0,0,0,0,0,0,0,0,0,0,0,0,0,0,0,0,0,0,0,0,0,0,0,0,0,0,0,0,0,0,0.769306931,0,0,0,0,0
1.00E+00,2725.524583,2.65E-04,1.43E-05,1.26E-04,5.39E-03,1.78E-03,1.21E-01,6.00E-07,5.67E-08,9.71E-18,1.60E-18,5.03E-18,3.05E-19,3.41E-17,1.77E-17,9.18E-03,1.37E-01,8.41E-10,1.44E-11,4.65E-17,7.44E-19,4.08E-18,3.35E-24,8.68E-22,6.82E-27,7.39E-27,8.31E-32,6.25E-33,8.03E-20,1.09E-19,1.07E-22,7.27E-09,1.29E-09,5.50E-10,1.67E-09,7.99E-10,2.07E-03,5.81E-07,1.61E-07,3.81E-08,6.43E-14,1.90E-11,5.60E-18,1.97E-21,1.60E-16,1.77E-12,6.06E-10,2.36E-11,7.24E-01,0.00E+00,5.56E-47,3.90E-48,4.63E-25,9.40E-26